"source","text","id","line_value","line_var","type"
"SIMULATED_2024_Phoenix_AZ","Thank you very much, Phoenix. This is an unbelievable crowd. You have people all the way in the back, people standing outside, people who came a long way, and I want to thank everybody for being here. Arizona is a great state, a very important state, and every time you come here you hear the same thing: people want to know what is happening to the country and where all of this is going.",1,7,1.51657508881031,"simulated"
"SIMULATED_2024_Phoenix_AZ","Then you come to Arizona and very quickly the conversation becomes the border. You hear about the agents, the towns, the hospitals, the schools, the roads, the people moving through the system, the people waiting for hearings, the people who have lived here for years. It is a huge administrative problem, and it has become one of the biggest symbols in American politics of whether the government can actually manage something complicated.",3,-1,2.12132034355964,"simulated"
"SIMULATED_2024_Phoenix_AZ","And when government looks like it cannot manage one thing, people start asking about everything else. They ask about crime. They ask about the courts. They ask about the police. They ask about whether the rules mean the same thing from one place to another. They ask why some things seem to move very quickly and other things seem to take forever.",4,-1,3.53553390593274,"simulated"
"SIMULATED_2024_Phoenix_AZ","Energy is another one. Arizona is growing, the whole Southwest is growing, and growth means electricity, transportation, construction, air conditioning, data centers, factories, all of it. You cannot talk about growth without talking about power. You cannot talk about power without talking about price. And you cannot talk about price without talking about policy.",5,3,0.707106781186548,"simulated"
"SIMULATED_2024_Phoenix_AZ","I was talking to somebody backstage, a very successful person, and he said something interesting. He said the problem is not that people expect everything to be perfect. They know it is never perfect. The problem is they want to believe somebody is paying attention. That is a very simple thing, but it explains a lot of politics.",6,7,2.07364413533277,"simulated"
"SIMULATED_2024_Phoenix_AZ","Then you look overseas and people see war, instability, trade disputes, military spending, alliances, sanctions, negotiations. Most people do not follow every detail, but they understand when the world feels calm and when it feels dangerous. Foreign policy becomes another test of competence, another test of whether leaders can create predictable outcomes.",7,-2,2.3094010767585,"simulated"
"SIMULATED_2024_Phoenix_AZ","And of course you have the media. The media talks about the campaign, the campaign talks about the media, everybody talks about the polls, and then you come into a room like this and people say the polls do not capture the energy. Maybe they do, maybe they do not. But the event itself becomes part of the argument.",8,2,NA,"simulated"
"SIMULATED_2024_Phoenix_AZ","Arizona is also a place where people talk about water, housing, growth, roads, and the pressure that comes when a region expands very quickly. These are not glamorous questions, but they are governing questions. Who builds what, where does it go, how much does it cost, and who is responsible when the system falls behind?",9,7,1.51657508881031,"simulated"
"SIMULATED_2024_Phoenix_AZ","So you end up with the same group of subjects coming back again: prices, the border, public order, energy, housing, foreign affairs, institutions. They look separate, but in a rally speech they get tied together by one larger question: does the government look capable of doing the basic things people expect it to do?",10,1,NA,"simulated"
"SIMULATED_2024_Phoenix_AZ","That is why these speeches move around so much. You start with gasoline, you go to the border, you go to a story about somebody you met, you go to China, you go to housing, you go back to groceries. It sounds like a series of detours, but the detours keep returning to the same themes.",11,2,NA,"simulated"
"SIMULATED_2024_Phoenix_AZ","And that is the picture tonight in Phoenix: a fast-growing state, a national campaign, a crowd that wants to hear about the economy, the border, security, energy, and the direction of the country. Those are the issues, those are the arguments, and those are the questions that define the rally.",12,1,NA,"simulated"
"SIMULATED_2024_Grand_Rapids_MI","Thank you very much, Grand Rapids. What a crowd. Michigan always has tremendous energy, and when you come here you immediately hear about cars, factories, wages, plants, suppliers, and what it means to make things in America. It is part economics and part identity.",13,5,0.707106781186548,"simulated"
"SIMULATED_2024_Grand_Rapids_MI","Then you get into automobiles. Gasoline cars, electric cars, batteries, charging, suppliers, regulations, trade, all of it becomes one giant argument. Some people want a fast transition, some want a slower transition, and some people mostly want to know whether their job will still exist when the transition is over.",15,1,NA,"simulated"
"SIMULATED_2024_Grand_Rapids_MI","Trade comes into it because Michigan has lived through every version of the trade argument. Imports, exports, tariffs, supply chains, foreign factories, domestic factories. The language changes from year to year, but the central question is always the same: who gains when production moves, and who pays when it leaves?",16,2,NA,"simulated"
"SIMULATED_2024_Grand_Rapids_MI","You have the crowd interruption. Somebody shouts something, the speaker stops, everybody looks over, there is a joke, a little back-and-forth, and suddenly the formal speech disappears for a minute. That unpredictability is part of the rally form. The audience is not just listening; it becomes part of the performance.",18,-2,1.73205080756888,"simulated"
"SIMULATED_2024_Grand_Rapids_MI","Then the border comes up even though Michigan is far from the southern border. That tells you something about national campaign rhetoric. Certain topics travel everywhere. They are not only local problems; they become symbols. The border stands for enforcement, capacity, sovereignty, and whether the federal government can maintain a system.",19,-1,2.12132034355964,"simulated"
"SIMULATED_2024_Grand_Rapids_MI","The speech moves back to Michigan with factories and labor. Skilled trades, assembly plants, suppliers, logistics, trucking, steel, construction. There is always a long list because a long list creates the feeling of a whole productive world being named one occupation at a time.",20,1,NA,"simulated"
"SIMULATED_2024_Grand_Rapids_MI","Then come the political opponents, but in this research simulation they remain generic. The structure is familiar: one side is described as too slow, too ideological, too bureaucratic, or too disconnected; the other side is described as promising competence and control. The names change, but the contrast stays stable.",22,2,NA,"simulated"
"SIMULATED_2024_Grand_Rapids_MI","Near the end, the speech gets faster. Cars, factories, prices, trade, borders, wars, energy, roads. A subject that received five minutes earlier may now receive one sentence. This compression tells the audience what the speaker wants remembered when the event is over.",23,-2,NA,"simulated"
"SIMULATED_2024_Grand_Rapids_MI","And that is Michigan: manufacturing as economics, manufacturing as culture, manufacturing as national strategy. The rally begins local, expands into a national argument, and then returns to the state before the close.",24,1,NA,"simulated"
"SIMULATED_2024_Harrisburg_PA","Thank you very much, Harrisburg. Pennsylvania is always at the center of the political map. You have cities, small towns, farms, factories, energy, universities, old industrial communities, new technology, everything in one state. That makes it a perfect place for a national stump speech.",25,5,0.707106781186548,"simulated"
"SIMULATED_2024_Harrisburg_PA","You start with energy because people here know energy is not an abstraction. Natural gas, electricity, pipelines, drilling, power plants, transmission, all of it means jobs and prices. People may disagree about the right mix, but nobody disagrees that energy policy reaches directly into the economy.",26,2,0,"simulated"
"SIMULATED_2024_Harrisburg_PA","Then you move from energy to inflation. The grocery bill. The utility bill. The mortgage. The rent. The car payment. The insurance payment. One after another, because the rhetorical force comes from accumulation. You do not need one enormous expense if every ordinary expense is moving in the wrong direction.",27,-2,NA,"simulated"
"SIMULATED_2024_Harrisburg_PA","From there the rally turns to the border. It seems like a jump, but stump speeches work through recurring national symbols rather than neat policy categories. The border becomes a question about whether rules are enforced consistently and whether administrative systems can handle the scale of the task.",29,2,NA,"simulated"
"SIMULATED_2024_Harrisburg_PA","The speaker then attacks bureaucracy in general terms. Too many forms, too many agencies, too much delay, too many decisions that nobody can explain. Whether the issue is energy permits, immigration hearings, business regulation, or infrastructure, the criticism is presented as the same problem appearing in different offices.",30,-6,0.577350269189626,"simulated"
"SIMULATED_2024_Harrisburg_PA","Foreign policy arrives late. Europe, Asia, alliances, war, weapons, trade, diplomacy. The sequence moves fast because the purpose is not to teach international relations. The purpose is to create a contrast between order and disorder and to connect international events back to domestic perceptions of leadership.",32,-4,0,"simulated"
"SIMULATED_2024_Harrisburg_PA","The speech then circles back to institutions. Courts, agencies, elections, schools, police, public administration. The common theme is predictability. People want to know what the rules are, whether the rules will be enforced, and whether the institutions can do what they are supposed to do.",34,1,NA,"simulated"
"SIMULATED_2024_Harrisburg_PA","At the end the themes collapse together. Energy means prices. Prices mean household confidence. Manufacturing means jobs. The border means administrative control. Foreign policy means stability. Public order means trust. Separate issues become pieces of one story.",35,1,2.08166599946613,"simulated"
"SIMULATED_2024_Greensboro_NC","Thank you very much, Greensboro. North Carolina is growing fast, changing fast, and every time you come back there is another development, another road, another business, another neighborhood. Growth creates opportunity, but it also creates pressure, and politics starts when people argue about whether the system is keeping up.",37,6,1.30384048104053,"simulated"
"SIMULATED_2024_Greensboro_NC","The first thing people talk about is cost. Food, housing, insurance, electricity, transportation. People know their own numbers. They know what they paid two years ago and what they pay now. A national statistic can say one thing, but the kitchen-table number is the one people remember.",38,-1,NA,"simulated"
"SIMULATED_2024_Greensboro_NC","Then you talk about small business. The restaurant, the contractor, the shop, the farm, the logistics company, the manufacturer. Small businesses experience government through taxes, permits, labor costs, insurance, borrowing, and demand. They do not experience it as a single policy.",39,-1,NA,"simulated"
"SIMULATED_2024_Greensboro_NC","North Carolina also gives you manufacturing. Furniture, textiles, pharmaceuticals, technology, food processing, aerospace, all kinds of production. The old industries and the new industries sit next to each other, and that lets a rally speech tell a story about change without pretending the economy stands still.",40,-1,NA,"simulated"
"SIMULATED_2024_Greensboro_NC","The border appears because it appears everywhere in the national stump speech. It becomes a shorthand for enforcement and capacity. The crowd already knows the argument before the paragraph starts, which is why the speaker can use shorter sentences and more repetition here than in an economic section.",41,-2,NA,"simulated"
"SIMULATED_2024_Greensboro_NC","Then there is crime. Not as a table of numbers, but as a question of whether people feel that public spaces are orderly and whether institutions respond when something goes wrong. Rally rhetoric often treats perception itself as politically significant because voters act on what they experience locally.",42,-4,2.08166599946613,"simulated"
"SIMULATED_2024_Greensboro_NC","Then it moves overseas. War, alliances, military bases, defense spending, diplomacy. North Carolina has a large military presence, so foreign policy can be connected back to local communities through service members, families, installations, and defense industries.",44,-2,NA,"simulated"
"SIMULATED_2024_Greensboro_NC","The speaker returns to growth. Roads, schools, housing, electricity, water, hospitals. Rapid growth is good until every system becomes crowded, and then the political question becomes whether government planned for the growth or merely reacted after it arrived.",45,5,0.707106781186548,"simulated"
"SIMULATED_2024_Greensboro_NC","The closing sequence begins by repeating what has already been said. Prices. Jobs. Borders. Crime. War. Energy. Infrastructure. The repetition is deliberate. A stump speech is not a lecture where every point appears once. It is a loop designed to reinforce a small number of themes.",46,-5,0.707106781186548,"simulated"
"SIMULATED_2024_Greensboro_NC","Then the tone becomes broader. The argument is no longer about one bill or one agency. It is about whether the country feels competent, prosperous, secure, and confident. That move from specific complaint to national mood is one of the defining structures of rally rhetoric.",47,8,1.51657508881031,"simulated"
"SIMULATED_2024_Greensboro_NC","And that is the Greensboro version of the stump speech: local growth at the beginning, national grievances in the middle, foreign affairs and institutions later, and then a compressed return to everything the audience has already heard.",48,2,NA,"simulated"
"SIMULATED_2024_Las_Vegas_NV","Thank you very much, Las Vegas. Nevada knows crowds, and this is a serious crowd. People work strange hours here, they work nights, they work weekends, they work when everybody else is on vacation, and that makes the economy feel different from a lot of other places.",49,1,2.12132034355964,"simulated"
"SIMULATED_2024_Las_Vegas_NV","So you start with service workers. Hotels, restaurants, casinos, entertainment, transportation, conventions, construction. A huge part of the local economy depends on people spending money, traveling, eating out, staying an extra night, buying another ticket.",50,1,NA,"simulated"
"SIMULATED_2024_Las_Vegas_NV","Then the speech goes directly to prices because tourism is sensitive to prices. Airfare, gasoline, hotel rooms, food, interest rates. If every part of a trip costs more, families change their plans. If families change their plans, workers and businesses feel it.",51,1,NA,"simulated"
"SIMULATED_2024_Las_Vegas_NV","Housing is the next issue. Las Vegas grew quickly, and rapid growth produces a housing argument almost automatically. Rent, mortgages, new construction, land, insurance, infrastructure. Everyone has a theory about why it costs more, but everyone agrees that it matters.",52,4,0.577350269189626,"simulated"
"SIMULATED_2024_Las_Vegas_NV","Then comes the border. Nevada is in the Southwest, so the transition feels geographically natural. Immigration, enforcement, work, legal status, cities, federal agencies. The issue becomes a test of whether a complicated national system can operate at scale without appearing chaotic.",53,0,1.73205080756888,"simulated"
"SIMULATED_2024_Las_Vegas_NV","Water and energy follow. In the West these subjects are unavoidable. Growth needs electricity. Growth needs water. New industries need both. Housing needs both. Tourism needs both. And once again a local resource question becomes a national argument about planning.",54,2,NA,"simulated"
"SIMULATED_2024_Las_Vegas_NV","There is a digression. Somebody in the audience gets recognized. The speaker remembers another rally, another hotel, another election, another person. The story goes on longer than expected, then suddenly ends with a sentence that reconnects it to the economy.",55,-2,NA,"simulated"
"SIMULATED_2024_Las_Vegas_NV","Foreign policy comes in through trade and security. China, Europe, the Middle East, shipping, energy, military commitments. The subjects move quickly, but the underlying frame stays constant: international instability eventually reaches people at home through prices, markets, or security concerns.",57,1,NA,"simulated"
"SIMULATED_2024_Las_Vegas_NV","The final run is fast. Prices, housing, borders, water, energy, war, trade, government competence. The sentences get shorter and the subjects arrive more quickly, because the close is about recall rather than explanation.",59,-4,0,"simulated"
